{
  "products": [
    {
      "id": 1,
      "name": "chocolate",
      "price": 20,
      "location": "freezer2"
    },
    {
      "id": 2,
      "name": "chocolate",
      "price": 20,
      "location": "freezer2"
    },
    {
      "id": 3,
      "name": "chocolate",
      "price": 20,
      "location": "freezer2"
    },
    {
      "id": "4",
      "name": "cold coffee",
      "price": "50",
      "location": "freezer4"
    },
    {
      "id": "87",
      "name": "ice cream",
      "price": "1000",
      "location": "freezer4"
    },
    {
      "id": "222",
      "name": "chocolate",
      "price": "200",
      "location": "freezer7"
    },
    {
      "id": "123",
      "name": "cold coffee",
      "price": "60",
      "location": "234"
    }
  ],
  "order": [],
  "customer": []
}